title,category,views,likes,publish_time,thumbnail,publish_period,video_age_days,engagement_rate
BLACKPINK - ‚ÄòGO‚Äô M/V,10,1.0,1.0,2026-02-27 05:00:07+00:00,https://i.ytimg.com/vi/2GJfWMYCWY0/hqdefault.jpg,Morning,0.1111111111111111,0.22349811537465644
[Official Trailer] ‡∏£‡∏±‡∏Å‡∏Ñ‡∏£‡∏π‡πÄ‡∏ó‡πà‡∏≤‡πÇ‡∏•‡∏Å‡πÄ‡∏•‡∏¢ Love you teacher #LoveYouTeacherSeries,24,0.0017500302618007866,0.008491325116713756,2026-02-28 08:00:44+00:00,https://i.ytimg.com/vi/c4QnAOLeI2o/hqdefault.jpg,Morning,0.0,1.0
‡πÄ‡∏à‡∏≠‡∏•‡∏∏‡∏á‡∏´‡∏•‡πà‡∏≠ ‡∏ö‡∏≠‡∏Å‡∏ï‡πà‡∏≠‡∏î‡πâ‡∏ß‡∏¢ | RESIDENT EVIL Requiem - Part 1,20,0.03677494932697886,0.01698409415216521,2026-02-27 10:15:42+00:00,https://i.ytimg.com/vi/ztXkQqbCSBI/hqdefault.jpg,Morning,0.0,0.10102097820626427
PURPEECH - ‡∏´‡∏ô‡∏∂‡πà‡∏á‡∏Ñ‡∏ô‡∏ï‡∏£‡∏á‡∏ô‡∏µ‡πâ (I'm here) [Official MV],10,0.02150342888059261,0.006302705290048981,2026-02-25 12:00:35+00:00,https://i.ytimg.com/vi/HSUY57U2kJ4/hqdefault.jpg,Afternoon,0.2222222222222222,0.06275373826081136
‡∏´‡∏á‡∏™‡∏≤‡∏ß‡∏î‡∏µ | OFFICIAL TRAILER | oneD ORIGINAL,22,0.007612142317584627,0.0017738541692612082,2026-02-25 10:52:10+00:00,https://i.ytimg.com/vi/sG_evzso8UI/hqdefault.jpg,Morning,0.2222222222222222,0.04872845154732981
‡∏™‡∏±‡∏°‡∏ú‡∏±‡∏™‡πÅ‡∏£‡∏Å‡∏ö‡∏ô PC | Resident Evil 9,20,0.025485329474785188,0.008789133356363837,2026-02-27 17:31:10+00:00,https://i.ytimg.com/vi/uom5GdkdWas/hqdefault.jpg,Evening,0.0,0.07448093912734786
URBOYTJ - ‡πÑ‡∏õ‡πÄ‡∏à‡πá‡∏ö‡∏Å‡∏±‡∏ö‡πÄ‡∏Ñ‡πâ‡∏≤‡∏ã‡∏∞‡πÉ‡∏´‡πâ‡∏û‡∏≠ FT. GAVIN:D POPPY CHATCHAYA - LIVE SESSION,10,0.00817945049963179,0.00346901476731791,2026-02-26 13:00:16+00:00,https://i.ytimg.com/vi/9-NY6UgTYsk/hqdefault.jpg,Afternoon,0.1111111111111111,0.09123844233518774
[OFFICIAL TRAILER] ‡∏™‡∏≠‡∏î‡∏™‡∏£‡πâ‡∏≠‡∏¢‡∏°‡∏≤‡∏•‡∏≤ | one ‡∏™‡∏ô‡∏±‡πà‡∏ô‡∏à‡∏≠ 2026,24,0.0034491276185047988,0.0008298922944915584,2026-02-25 08:52:49+00:00,https://i.ytimg.com/vi/xwUtGmDg1nQ/hqdefault.jpg,Morning,0.3333333333333333,0.049461892028207395
‡∏ó‡∏µ‡πà‡∏™‡∏∏‡∏î‡πÄ‡∏£‡∏≤‡∏Å‡πá‡∏ï‡πâ‡∏≠‡∏á‡∏à‡∏≤‡∏Å‡∏•‡∏≤ Poppy Playtime Chapter 5,20,0.004419853985669455,0.0012724533875957996,2026-02-28 03:23:55+00:00,https://i.ytimg.com/vi/D0sXHRJ9_Is/hqdefault.jpg,Night,0.0,0.06016085581641201
YOUNGOHM - ‡πÑ‡∏≠‡πÄ‡∏ô‡∏£‡∏Ñ‡∏∏‡∏ì (Official Visualizer),10,0.017561587385968032,0.005717918201281549,2026-02-25 12:01:01+00:00,https://i.ytimg.com/vi/-Ovhxt7cNDE/hqdefault.jpg,Afternoon,0.2222222222222222,0.06996647256901439
Forged in Fury | Shyvana Champion Update Trailer - League of Legends,20,0.024504033768646565,0.012005101364900284,2026-02-27 16:00:59+00:00,https://i.ytimg.com/vi/Xoq33mAQFlg/hqdefault.jpg,Afternoon,0.0,0.10714506362278099
‡∏´‡∏°‡∏π‡∏™‡∏±‡∏ö VS ‡∏´‡∏°‡∏π‡∏¢‡∏≠,20,0.012145475337752362,0.0025867804185848225,2026-02-27 17:38:02+00:00,https://i.ytimg.com/vi/jNaxLP15eks/hqdefault.jpg,Evening,0.0,0.04453350957056596
X Y Z - BLACK PIRANYA„ÄåOfficial MV„Äç,10,0.006258310034030227,0.002998658238512995,2026-02-26 11:00:48+00:00,https://i.ytimg.com/vi/RB9smoZGq_o/hqdefault.jpg,Morning,0.1111111111111111,0.10290168941819461
‡∏û‡∏£‡∏∞‡πÑ‡∏°‡πâ - Official Trailer,1,0.0004412590283576235,0.00010071333195439093,2026-02-27 03:00:33+00:00,https://i.ytimg.com/vi/MeQu1tO_LjY/hqdefault.jpg,Night,0.1111111111111111,0.03876649324662331
‡πÄ‡∏Ç‡∏ï‡∏Å‡∏±‡∏Å‡∏ï‡∏±‡∏ß‡πÑ‡∏°‡πà‡∏õ‡∏•‡∏≠‡∏î‡∏†‡∏±‡∏¢‡∏≠‡∏µ‡∏Å‡πÅ‡∏•‡πâ‡∏ß #2 | Quarantine Zone,20,0.006647461786293968,0.0016514820562413567,2026-02-27 10:28:18+00:00,https://i.ytimg.com/vi/hIAQ7CtQ7cE/hqdefault.jpg,Morning,0.0,0.05202447540743879
‡πÑ‡∏°‡πà‡πÄ‡∏Ñ‡∏¢‡πÑ‡∏Å‡∏•‡∏û‡∏≠ - Silly Fools I OFFICIAL MV,10,0.023755350510379462,0.003119586432795149,2026-02-26 05:00:06+00:00,https://i.ytimg.com/vi/iIGZvC1uT4w/hqdefault.jpg,Morning,0.2222222222222222,0.02634945300954391
‡πÄ‡∏™‡πâ‡∏ô‡∏ï‡∏≤‡∏¢ ‡∏™‡∏≤‡∏¢‡∏•‡∏ß‡∏á | ‡∏ï‡∏±‡∏ß‡∏≠‡∏¢‡πà‡∏≤‡∏á‡∏≠‡∏¢‡πà‡∏≤‡∏á‡πÄ‡∏õ‡πá‡∏ô‡∏ó‡∏≤‡∏á‡∏Å‡∏≤‡∏£ | Netflix,24,0.0033173370954960655,0.0005826212106608852,2026-02-26 05:00:00+00:00,https://i.ytimg.com/vi/XgUHnuNN2lA/hqdefault.jpg,Morning,0.2222222222222222,0.03538287754856026
‡∏ô‡∏µ‡πà‡∏Ñ‡∏∑‡∏≠‡∏ó‡∏µ‡∏° 400 ‡∏î‡∏£‡∏≤‡∏ü‡∏ó‡πå? | FC Mobile,20,0.0065227609844899954,0.0013045805795095658,2026-02-27 09:56:00+00:00,https://i.ytimg.com/vi/FrYj3EoQMn0/hqdefault.jpg,Morning,0.1111111111111111,0.04130108637739688
TATTOO COLOUR - ‡∏Ç‡∏≠‡πÉ‡∏´‡πâ‡πÄ‡∏£‡∏≤‡∏ó‡∏±‡πâ‡∏á‡∏Ñ‡∏π‡πà‡πÇ‡∏ä‡∏Ñ‡∏î‡∏µ | Good Luck to The Both of Us [Music Video],10,0.02573799322005177,0.008316610949452375,2026-02-24 12:00:07+00:00,https://i.ytimg.com/vi/ZP6EgIToxyA/hqdefault.jpg,Afternoon,0.3333333333333333,0.06958427023211342
Kong Smashes ground Angry At Humans (2026) 4K Scene | Monarch: Legacy Of Monsters Fight Clip Trailer,1,0.009750280446318392,0.0011168711436089088,2026-02-27 19:05:36+00:00,https://i.ytimg.com/vi/QDGKU9RkoZY/hqdefault.jpg,Evening,0.0,0.022484458429693946
‡∏û‡∏¥‡∏™‡∏π‡∏à‡∏ô‡πå ‡∏â‡∏≤‡∏Å END ‡∏•‡∏±‡∏ö!üò® ‡∏ñ‡πâ‡∏≤‡∏ú‡∏°‡∏ä‡πà‡∏ß‡∏¢ LILLY‚Ä¶‡∏à‡∏∞‡πÄ‡∏Å‡∏¥‡∏î‡∏≠‡∏∞‡πÑ‡∏£‡∏Ç‡∏∂‡πâ‡∏ô!? | Poppy Playtime Chapter 5,20,0.00629728175304535,0.0008132872290080387,2026-02-27 08:30:22+00:00,https://i.ytimg.com/vi/sYOGkfbVhzQ/hqdefault.jpg,Morning,0.1111111111111111,0.025629680373678285
OABNITHI - ‡πÑ‡∏°‡πà‡∏≠‡∏¢‡∏≤‡∏Å‡∏£‡∏±‡∏Å‡∏Ñ‡∏ô‡∏≠‡∏∑‡πà‡∏ô‡πÅ‡∏•‡πâ‡∏ß (The Chosen One) [Official MV],10,0.0035339867968513464,0.0011959256944978395,2026-02-26 12:00:02+00:00,https://i.ytimg.com/vi/aUk_XvzIcPo/hqdefault.jpg,Afternoon,0.1111111111111111,0.07065551110314672
The Face Men Thailand Season 4 | [Official Teaser Trailer] | ‡∏ï‡∏±‡∏ß‡∏≠‡∏¢‡πà‡∏≤‡∏á‡∏£‡∏≤‡∏¢‡∏Å‡∏≤‡∏£,24,0.002754552416548871,0.0006320754274270197,2026-02-25 14:04:12+00:00,https://i.ytimg.com/vi/ErdB1A_Wpmw/hqdefault.jpg,Afternoon,0.2222222222222222,0.04666240137804877
‡∏™‡∏£‡πâ‡∏≤‡∏á‡∏õ‡πâ‡∏≠‡∏°‡∏õ‡∏∑‡∏ô ‡∏õ‡πâ‡∏≠‡∏á‡∏Å‡∏±‡∏ô‡∏´‡∏ô‡∏≠‡∏ô 67 üí£ Roblox,20,0.004436556150961651,0.0004320926822559353,2026-02-27 09:38:00+00:00,https://i.ytimg.com/vi/j5ZxkvTzDGU/hqdefault.jpg,Morning,0.1111111111111111,0.018567844251247155
Bruno Mars - Risk It All [Official Music Video],10,0.24063157498243556,0.13232323998037715,2026-02-27 05:00:08+00:00,https://i.ytimg.com/vi/lY5V4hSLWY8/hqdefault.jpg,Morning,0.1111111111111111,0.12133322741268594
‡∏à‡∏µ,20,0.004471352328653725,0.002978804355869656,2026-02-28 05:00:11+00:00,https://i.ytimg.com/vi/7tpVp1Oamrs/hqdefault.jpg,Morning,0.0,0.14281457592656124
‡∏ö‡∏∏‡∏ç‡∏ú‡∏•‡∏≤‡∏´‡∏°‡∏î‡∏≠‡∏≤‡∏¢‡∏∏ -  ‡∏°‡∏ô‡∏ï‡πå‡πÅ‡∏Ñ‡∏ô ‡πÅ‡∏Å‡πà‡∏ô‡∏Ñ‡∏π‡∏ô √ó ‡πÄ‡∏ß‡∏µ‡∏¢‡∏á ‡∏ô‡∏§‡∏°‡∏•„ÄêOFFICIAL MV„Äë,10,0.0687278878446121,0.008412992525193674,2026-02-23 11:01:22+00:00,https://i.ytimg.com/vi/qpzP7GGr8sg/hqdefault.jpg,Morning,0.4444444444444444,0.02439071502511881
‡∏ï‡∏±‡∏ß‡πÄ‡∏≠‡∏Å‡πÄ‡∏õ‡πá‡∏ô‡πÉ‡∏Ñ‡∏£? ‡∏â‡∏ö‡∏±‡∏ö Poppy Playtime Chapter 5,20,0.004714273144166523,0.0015301928822747785,2026-02-27 11:34:51+00:00,https://i.ytimg.com/vi/HuKb5ijPaE4/hqdefault.jpg,Morning,0.0,0.06829969360982731
‡πÄ‡∏û‡∏•‡∏á‡πÄ‡∏Å‡πà‡∏≤‡∏ó‡∏µ‡πà‡∏Ñ‡∏¥‡∏î‡∏ñ‡∏∂‡∏á‡∏¢‡∏∏‡∏Ñ90 ‡πÄ‡∏´‡∏ï‡∏∏‡∏ú‡∏•‡πÇ‡∏î‡∏ô‡πÉ‡∏à‡∏¢‡∏∏‡∏Ñ90 ‡∏Ñ‡∏±‡∏î‡πÄ‡∏û‡∏•‡∏á‡∏ï‡∏¥‡∏î‡∏≠‡∏±‡∏ô‡∏î‡∏±‡∏ö üíó ‡∏£‡∏ß‡∏°‡πÄ‡∏û‡∏•‡∏á‡∏™‡∏ï‡∏£‡∏¥‡∏á‡∏¢‡∏∏‡∏Ñ90‡πÄ‡∏û‡∏£‡∏≤‡∏∞‡πÜ ‡∏ü‡∏±‡∏á‡∏¢‡∏≤‡∏ß‡∏ï‡πà‡∏≠‡πÄ‡∏ô‡∏∑‡πà‡∏≠‡∏á,10,0.0015736136409019673,4.728833865958858e-05,2026-02-26 22:00:23+00:00,https://i.ytimg.com/vi/BfzGvWrJ-GE/hqdefault.jpg,Night,0.1111111111111111,0.004519944292687761
‡πÄ‡∏õ‡πá‡∏ô‡πÑ‡∏Å‡πà‡∏´‡∏ô‡∏µ‡∏à‡∏≤‡∏Å‡πÇ‡∏£‡∏á‡πÄ‡∏ä‡∏∑‡∏≠‡∏î ,20,0.005034006521934575,0.000829531314807134,2026-02-27 09:30:27+00:00,https://i.ytimg.com/vi/tJVKKcUZgEI/hqdefault.jpg,Morning,0.1111111111111111,0.03336983022162734
‡πÇ‡∏ü‡∏•‡πå‡∏Ñ‡∏ã‡∏≠‡∏á ‡∏î‡∏ô‡∏ï‡∏£‡∏µ‡∏™‡∏î ‡πÄ‡∏≠‡∏≤‡πÉ‡∏à‡πÄ‡∏û‡∏∑‡πà‡∏≠‡∏ä‡∏µ‡∏ß‡∏¥‡∏ï ‡πÇ‡∏Ñ‡∏ï‡∏£‡πÄ‡∏û‡∏£‡∏≤‡∏∞ ‡∏°‡∏±‡∏ô‡∏™‡πå‡πÜ‡∏à‡∏π‡∏ô‡πÄ‡∏ö‡∏™‡∏à‡∏±‡∏î‡πÄ‡∏ï‡πá‡∏° ‡πÄ‡∏´‡∏°‡∏∑‡∏≠‡∏ô‡∏ü‡∏±‡∏á‡∏ó‡∏µ‡πà‡∏£‡πâ‡∏≤‡∏ô ‡πÄ‡∏û‡∏•‡∏á‡∏Æ‡∏¥‡∏ï ‡πÄ‡∏≠‡∏≤‡πÉ‡∏à‡∏Ñ‡∏ô,22,0.000673132057453187,5.739576982347011e-05,2026-02-26 23:00:58+00:00,https://i.ytimg.com/vi/bmDtj7bCfZ4/hqdefault.jpg,Night,0.1111111111111111,0.015611486312107814
‡πÄ‡∏û‡∏∑‡πà‡∏≠‡∏ß‡∏¥‡∏ó‡∏¢‡∏≤‡∏®‡∏≤‡∏™‡∏ï‡∏£‡πå (Quarantine Zone: The Last Check),20,0.009015341678239659,0.0015792861193564887,2026-02-26 11:32:38+00:00,https://i.ytimg.com/vi/8HmaOO3ZHGM/hqdefault.jpg,Morning,0.1111111111111111,0.035969824810692407
Jh4y - ‡∏´‡∏≤‡πÑ‡∏°‡πà‡πÄ‡∏à‡∏≠ ( Limited ) | Lyrics video,10,0.00023757090319264065,0.00047432730533358315,2026-02-27 18:47:27+00:00,https://i.ytimg.com/vi/LZvf1xk8sEE/hqdefault.jpg,Evening,0.0,0.26604736833795006
‡πÄ‡∏£‡∏≤‡∏à‡∏∞‡∏õ‡∏Å‡∏õ‡πâ‡∏≠‡∏á‡∏Ñ‡∏£‡∏≠‡∏ö‡∏Ñ‡∏£‡∏±‡∏ß‡∏à‡∏≤‡∏Å‡∏û‡∏£‡∏∞‡∏≠‡∏≤‡∏ó‡∏¥‡∏ï‡∏¢‡πå‡∏™‡∏µ‡πÅ‡∏î‡∏á‡πÑ‡∏î‡πâ‡πÑ‡∏´‡∏°!?,20,0.0026914843444819855,0.0001844606187408379,2026-02-27 09:01:28+00:00,https://i.ytimg.com/vi/xvgBrXWqsBE/hqdefault.jpg,Morning,0.1111111111111111,0.012310625491354992
PORZAX - ‚Äù ‡πÉ‡∏Ñ‡∏£‡πÑ‡∏°‡πà‡∏£‡∏±‡∏Å‡πÅ‡∏ï‡πà‡πÄ‡∏Ñ‡πâ‡∏≤‡∏£‡∏±‡∏Å ‚Äú (MV),20,0.004991337709039668,0.002579199845211911,2026-02-25 10:00:11+00:00,https://i.ytimg.com/vi/tu_QVnVWEsw/hqdefault.jpg,Morning,0.3333333333333333,0.11054147275732013
üî¥ [LIVE] ‡∏™‡∏î!! ùêèùêîùêÅùêÜ ùêìùê°ùêöùê¢ùê•ùêöùêßùêù ùêíùê°ùê®ùê∞-ùêéùêüùêü ùêíùê≠ùêöùê†ùêû ùêèùê°ùêöùê¨ùêû ùüè Grand Final Day 1,20,0.004151357979552983,0.00029708628028123204,2026-02-27 15:42:18+00:00,https://i.ytimg.com/vi/6m7uC4gTHaI/hqdefault.jpg,Afternoon,0.0,0.012930488877302719
‡πÄ‡∏Ç‡πâ‡∏≤‡πÉ‡∏à‡∏´‡∏°‡∏î,10,0.0006388143272043781,0.00012128917396657832,2026-02-26 17:02:27+00:00,https://i.ytimg.com/vi/zWSIZNaE-60/hqdefault.jpg,Evening,0.1111111111111111,0.03426718879346975
‡πÑ‡∏≠‡πÄ‡∏ï‡∏µ‡πâ‡∏¢ 4 ‡∏ï‡∏±‡∏ß @OPZTV,20,0.0039814221467493124,0.0014027670536729863,2026-02-27 12:16:52+00:00,https://i.ytimg.com/vi/8nlz4crWlHU/hqdefault.jpg,Afternoon,0.0,0.07398067012631217
‡∏•‡∏π‡∏Å‡∏ó‡∏∏‡πà‡∏á‡∏≠‡∏°‡∏ï‡∏∞‡πÄ‡∏û‡∏•‡∏á‡∏î‡∏±‡∏á  ‡∏®‡∏£‡∏µ‡∏Ñ‡∏µ‡∏£‡∏µ ‡∏®‡∏£‡∏µ‡∏õ‡∏£‡∏∞‡∏à‡∏ß‡∏ö \ ‡∏ô‡πâ‡∏≥‡∏ó‡πà‡∏ß‡∏° \ ‡∏´‡∏ô‡∏≤‡∏ß‡∏•‡∏°‡∏ó‡∏µ‡πà‡πÄ‡∏£‡∏ì‡∏π \ ‡πÅ‡∏°‡πà‡∏Ñ‡πâ‡∏≤‡∏ï‡∏≤‡∏Ñ‡∏° \ ‡∏î‡∏≠‡∏Å‡∏£‡∏±‡∏Å‡∏ö‡∏≤‡∏ô‡πÅ‡∏•‡πâ‡∏ß,10,0.0,0.0,2026-02-27 11:19:01+00:00,https://i.ytimg.com/vi/g58uj7RBe4k/hqdefault.jpg,Morning,0.0,0.014143941654812744
‡∏ß‡∏¥‡πà‡∏á‡∏´‡∏ô‡∏µ‡∏™‡∏∂‡∏ô‡∏≤‡∏°‡∏¥(‡πÇ‡∏î‡∏ô‡πÄ‡∏î‡πá‡∏Å ‡∏õ.1 ‡∏´‡∏•‡∏≠‡∏Å) üíÄüíîüò≠Roblox Escape Tsunami Brainrot,20,0.0008742104692912642,0.0003996045106577447,2026-02-28 05:23:02+00:00,https://i.ytimg.com/vi/3E0MGk8nAas/hqdefault.jpg,Morning,0.0,0.08610277083842688
"The Chainsmokers, Halsey - Closer (Lyrics)",10,0.004169234515842286,5.089813550383198e-05,2026-02-24 17:00:38+00:00,https://i.ytimg.com/vi/1sEeXMzUFAg/hqdefault.jpg,Evening,0.3333333333333333,0.0
Roblox : Garden Horizons üå± ‡πÄ‡∏Ç‡∏≤‡∏ö‡∏≠‡∏Å‡∏ß‡πà‡∏≤‡∏ô‡∏µ‡πà‡∏Ñ‡∏∑‡∏≠ Grow A Garden ‡∏†‡∏≤‡∏Ñ 2 !!!,20,0.0014689206412709373,0.0006548171475457532,2026-02-28 03:00:19+00:00,https://i.ytimg.com/vi/GmrP_p45lBg/hqdefault.jpg,Night,0.0,0.08896670788681123
‡∏≠‡∏°‡∏ï‡∏∞‡∏•‡∏π‡∏Å‡∏ó‡∏∏‡πà‡∏á | ‡πÄ‡∏û‡∏•‡∏á‡πÅ‡∏Å‡πâ..‡πÄ‡∏û‡∏•‡∏á‡πÄ‡∏Å‡∏µ‡πâ‡∏¢‡∏ß | ‡∏™‡∏∏‡∏£‡∏û‡∏• ‡∏™‡∏°‡∏ö‡∏±‡∏ï‡∏¥‡πÄ‡∏à‡∏£‡∏¥‡∏ç,10,0.00039206593214545277,4.115168402437479e-05,2026-02-18 10:15:16+00:00,https://i.ytimg.com/vi/x_gmka9Q7Tc/hqdefault.jpg,Morning,1.0,0.018523342643531365
‡∏´‡∏ô‡∏µ‡∏¢‡∏≤‡∏¢‡∏†‡∏≤‡∏Ñ5 ‡πÅ‡∏ï‡πà‡∏Ñ‡∏£‡∏±‡πâ‡∏á‡∏ô‡∏µ‡πâ‡πÄ‡∏≠‡∏≤‡∏à‡∏£‡∏¥‡∏á‡∏ß‡∏∞ | granny 5,20,0.0027940895734514908,0.0007685257481394204,2026-02-27 09:00:00+00:00,https://i.ytimg.com/vi/Yr_hPi4MCsw/hqdefault.jpg,Morning,0.1111111111111111,0.05642964840716972
‡∏Ç‡∏≠‡πÉ‡∏´‡πâ‡πÄ‡∏£‡∏≤‡∏ó‡∏±‡πâ‡∏á‡∏Ñ‡∏π‡πà‡πÇ‡∏ä‡∏Ñ‡∏î‡∏µ (Good Luck to The Both of Us),10,0.005917394483092124,0.0006883882581972169,2026-02-24 10:03:03+00:00,https://i.ytimg.com/vi/bXKVK5YGxic/hqdefault.jpg,Morning,0.4444444444444444,0.022784822550283496
"FC Mobile | ‡∏•‡πà‡∏≤ ‡∏Ñ‡∏£‡∏±‡∏ü ‡∏î‡πâ‡∏ß‡∏¢‡∏á‡∏ö 30,000 FC ‡∏ß‡∏±‡∏ô‡πÅ‡∏£‡∏Å‡πÄ‡∏î‡∏∑‡∏≠‡∏î‡πÜ ‡∏Å‡∏¥‡∏à‡∏Ç‡∏≠‡∏á‡πÅ‡∏´‡∏•‡∏° ‡∏•‡∏±‡πà‡∏ô‡πÜ !!",20,0.0025658701430135954,0.0007086031205249799,2026-02-27 11:01:03+00:00,https://i.ytimg.com/vi/W-vKasg2xeo/hqdefault.jpg,Morning,0.0,0.05644739257557473
"BOOM 1000% - TEETEE, NORTH, WAVE Ost.‡∏î‡πâ‡∏ß‡∏á‡∏Å‡∏±‡∏ö‡πÄ‡∏ò‡∏≠ Duang With You Series | Official MV",10,0.0077397572992703115,0.006405945479794342,2026-02-25 11:58:07+00:00,https://i.ytimg.com/vi/A96US_eOzWw/hqdefault.jpg,Morning,0.2222222222222222,0.18070718546908787
M14 ‡∏™‡∏Å‡∏¥‡∏ô‡πÄ‡∏™‡∏∑‡∏≠‡∏î‡∏≥‡∏™‡∏≤‡∏¢‡πÅ‡∏£‡∏á,20,0.0018398478954684547,0.0009403520779254063,2026-02-27 23:00:49+00:00,https://i.ytimg.com/vi/bF7xKcJSQtQ/hqdefault.jpg,Night,0.0,0.1041380778087097
Sia - Cheap Thrills (Lyrics) ft. Sean Paul,10,0.0107145260253879,0.00024330030730200535,2026-02-25 11:36:42+00:00,https://i.ytimg.com/vi/rd5K1zIhIt0/hqdefault.jpg,Morning,0.2222222222222222,0.0019912249354695835
‡∏ï‡∏±‡∏ß Infinity ‡∏™‡∏∏‡∏î‡πÄ‡∏ó‡∏û‡∏ï‡∏±‡∏ß‡πÉ‡∏´‡∏°‡πà! ‡∏´‡∏ô‡∏µ‡∏™‡∏∂‡∏ô‡∏≤‡∏°‡∏¥‡πÄ‡∏û‡∏∑‡πà‡∏≠‡∏Ç‡πÇ‡∏°‡∏¢ Brianrots! | Roblox Escape Tsunami For Brianrots!,20,0.001953587901299424,0.00035376009073585346,2026-02-27 09:15:06+00:00,https://i.ytimg.com/vi/yxYuC0KQrhg/hqdefault.jpg,Morning,0.1111111111111111,0.03580851762399607
